{
"2016":{
 "QCD1000": {"valid": 9, "invalid": [], "nProc": 5779928.0, "nSkim": 2689678.0, "xsec": 1207},
 "QCD1500": {"valid": 5, "invalid": [], "nProc": 3105168.0, "nSkim": 1553920.0, "xsec": 120},
 "QCD2000": {"valid": 3, "invalid": [], "nProc": 1953748.0, "nSkim": 980344.0, "xsec": 25.25},
 "QCD500": {"valid": 29, "invalid": [], "nProc": 33241964.0, "nSkim": 1432408.0, "xsec": 32260},
 "QCD700": {"valid": 18, "invalid": [], "nProc": 19097492.0, "nSkim": 4306546.0, "xsec": 6829},
 "ST_antitop": {"valid": 23, "invalid": [], "nProc": 17780700.0, "nSkim": 3489487.0, "xsec": 67.91},
 "ST_sChannel": {"valid": 11, "invalid": [], "nProc": 9842599.0, "nSkim": 4779650.0, "xsec": 3.74},
 "ST_tW_antitop": {"valid": 10, "invalid": [], "nProc": 4980600.0, "nSkim": 1708677.0, "xsec": 34.97},
 "ST_tW_top": {"valid": 7, "invalid": [], "nProc": 4983500.0, "nSkim": 1709195.0, "xsec": 34.91},
 "ST_top": {"valid": 31, "invalid": [], "nProc": 31848000.0, "nSkim": 5750898.0, "xsec": 113.3},
 "TTW": {"valid": 6, "invalid": [], "nProc": 4492341.0, "nSkim": 2641794.0, "xsec": 0.2198},
 "TTZ": {"valid": 11, "invalid": [], "nProc": 5284200.0, "nSkim": 3345319.0, "xsec": 0.0568},
 "WJets400": {"valid": 19, "invalid": [], "nProc": 7959630.0, "nSkim": 264348.0, "xsec": 315.2},
 "WJets600": {"valid": 19, "invalid": [], "nProc": 5819762.0, "nSkim": 554968.0, "xsec": 68.58},
 "WJets800": {"valid": 20, "invalid": [], "nProc": 5644840.0, "nSkim": 2346792.0, "xsec": 34.69},
 "WJetsLNu100": {"valid": 15, "invalid": [], "nProc": 19889758.0, "nSkim": 10130082.0, "xsec": 689.749632},
 "WJetsLNu250": {"valid": 3, "invalid": [], "nProc": 3003750.0, "nSkim": 1902321.0, "xsec": 24.5069015},
 "WJetsLNu400": {"valid": 2, "invalid": [], "nProc": 1903426.0, "nSkim": 1426316.0, "xsec": 3.110130566},
 "WJetsLNu600": {"valid": 2, "invalid": [], "nProc": 1978964.0, "nSkim": 1591126.0, "xsec": 0.4683178368},
 "WminusH": {"valid": 1, "invalid": [], "nProc": 499994.0, "nSkim": 27997.0, "xsec": 0.3654},
 "WplusH": {"valid": 1, "invalid": [], "nProc": 499597.0, "nSkim": 27810.0, "xsec": 0.5716},
 "X1000": {"valid": 30, "invalid": [], "nProc": 3190800.0, "nSkim": 1441898.0, "xsec": 0.01},
 "X1200": {"valid": 26, "invalid": [], "nProc": 2585900.0, "nSkim": 1320340.0, "xsec": 0.01},
 "X1400": {"valid": 31, "invalid": [], "nProc": 3128600.0, "nSkim": 1799849.0, "xsec": 0.01},
 "X1600": {"valid": 43, "invalid": [], "nProc": 3291200.0, "nSkim": 2023114.0, "xsec": 0.01},
 "X1800": {"valid": 60, "invalid": [], "nProc": 3583800.0, "nSkim": 2270295.0, "xsec": 0.01},
 "X2000": {"valid": 48, "invalid": [], "nProc": 3798200.0, "nSkim": 2466395.0, "xsec": 0.01},
 "X800": {"valid": 41, "invalid": [], "nProc": 4914400.0, "nSkim": 1429717.0, "xsec": 0.01},
 "X900": {"valid": 41, "invalid": [], "nProc": 4914400.0, "nSkim": 1429717.0, "xsec": 0.01},
 "X1600_Y125": {"valid": 41, "invalid": [], "nProc": 191000.0, "nSkim": 0.0, "xsec": 0.01},
 "ZH": {"valid": 1, "invalid": [], "nProc": 499200.0, "nSkim": 30268.0, "xsec": 0.5242},
 "ZJets400": {"valid": 21, "invalid": [], "nProc": 8255635.0, "nSkim": 297998.0, "xsec": 145.3},
 "ZJets600": {"valid": 19, "invalid": [], "nProc": 7830974.0, "nSkim": 625202.0, "xsec": 34.29},
 "ZJets800": {"valid": 12, "invalid": [], "nProc": 5668349.0, "nSkim": 2205836.0, "xsec": 18.57},
 "ttH": {"valid": 2, "invalid": ["ttH_2.root"], "nProc": 2679162.0, "nSkim": 1031811.0, "xsec": 0.5401},
 "ttbar": {"valid": 78, "invalid": [], "nProc": 68518800.0, "nSkim": 4542072.0, "xsec": 377.96},
 "ttbarHT": {"valid": 30, "invalid": [], "nProc": 16818338.0, "nSkim": 13679531.0, "xsec": 1.92},
 "ttbarSemi": {"valid": 108, "invalid": ["ttbarSemi_103.root", "ttbarSemi_107.root"], "nProc": 103975100.0, "nSkim": 56816961.0, "xsec": 365.34},
 "lumi":35900
 },
"2017":{
 "QCD1000": {"valid": 22, "invalid": [], "nProc": 16380424.0, "nSkim": 7073765.0, "xsec": 1207},
 "QCD1500": {"valid": 17, "invalid": [], "nProc": 11634434.0, "nSkim": 5518097.0, "xsec": 120},
 "QCD2000": {"valid": 10, "invalid": [], "nProc": 5941306.0, "nSkim": 2828000.0, "xsec": 25.25},
 "QCD500": {"valid": 68, "invalid": ["QCD500_12.root"], "nProc": 54534937.0, "nSkim": 2748349.0, "xsec": 32260},
 "QCD700": {"valid": 53, "invalid": [], "nProc": 46539799.0, "nSkim": 9489231.0, "xsec": 6829},
 "ST_antitop": {"valid": 43, "invalid": [], "nProc": 64818800.0, "nSkim": 13541957.0, "xsec": 67.91},
 "ST_s_antitop": {"valid": 0, "invalid": ["ST_s_antitop_0.root"], "nProc": 0, "nSkim": 0, "xsec": 3.579},
 "ST_s_top": {"valid": 3, "invalid": [], "nProc": 2953000.0, "nSkim": 1485735.0, "xsec": 5.757},
 "ST_tW_antitop": {"valid": 5, "invalid": [], "nProc": 7745276.0, "nSkim": 2732025.0, "xsec": 34.97},
 "ST_tW_top": {"valid": 4, "invalid": [], "nProc": 7945242.0, "nSkim": 2802031.0, "xsec": 34.91},
 "ST_top": {"valid": 6, "invalid": [], "nProc": 6898000.0, "nSkim": 3370454.0, "xsec": 113.3},
 "TTW": {"valid": 7, "invalid": [], "nProc": 4994543.0, "nSkim": 2941224.0, "xsec": 0.2198},
 "TTZ": {"valid": 12, "invalid": [], "nProc": 7176000.0, "nSkim": 4559813.0, "xsec": 0.0568},
 "WJets400": {"valid": 10, "invalid": [], "nProc": 9738307.0, "nSkim": 431494.0, "xsec": 315.2},
 "WJets600": {"valid": 9, "invalid": [], "nProc": 8798398.0, "nSkim": 835390.0, "xsec": 68.58},
 "WJets800": {"valid": 8, "invalid": ["WJets800_2.root"], "nProc": 6667415.0, "nSkim": 2601852.0, "xsec": 34.69},
 "WJetsLNu100": {"valid": 185, "invalid": [], "nProc": 97377546.0, "nSkim": 51908123.0, "xsec": 689.749632},
 "WJetsLNu250": {"valid": 25, "invalid": [], "nProc": 5768536.0, "nSkim": 3762096.0, "xsec": 24.5069015},
 "WJetsLNu400": {"valid": 7, "invalid": [], "nProc": 1948286.0, "nSkim": 1459278.0, "xsec": 3.110130566},
 "WJetsLNu600": {"valid": 7, "invalid": [], "nProc": 1989303.0, "nSkim": 1599532.0, "xsec": 0.4683178368},
 "WminusH": {"valid": 1, "invalid": [], "nProc": 484662.0, "nSkim": 34797.0, "xsec": 0.3654},
 "WplusH": {"valid": 1, "invalid": [], "nProc": 504997.0, "nSkim": 35948.0, "xsec": 0.5716},
 "ZH": {"valid": 1, "invalid": [], "nProc": 488450.0, "nSkim": 38340.0, "xsec": 0.5242},
 "ZJets400": {"valid": 10, "invalid": [], "nProc": 10316727.0, "nSkim": 505567.0, "xsec": 145.3},
 "ZJets600": {"valid": 10, "invalid": [], "nProc": 8882592.0, "nSkim": 745137.0, "xsec": 34.29},
 "ZJets800": {"valid": 10, "invalid": [], "nProc": 7818660.0, "nSkim": 2884638.0, "xsec": 18.57},
 "ttH": {"valid": 12, "invalid": [], "nProc": 8000000.0, "nSkim": 3169126.0, "xsec": 0.5401},
 "ttbar": {"valid": 22, "invalid": ["ttbar_11.root"], "nProc": 39732048.0, "nSkim": 3267480.0, "xsec": 377.96},
 "ttbarHT": {"valid": 49, "invalid": ["ttbarHT_29.root"], "nProc": 24506714.0, "nSkim": 19741589.0, "xsec": 1.92},
 "ttbarSemi": {"valid": 27, "invalid": ["ttbarSemi_0.root"], "nProc": 42186202.0, "nSkim": 23386328.0, "xsec": 365.34},
 "lumi":41500
 },
 "2018":{
 "QCD1000": {"valid": 42, "invalid": [], "nProc": 15466225.0, "nSkim": 6947994.0, "xsec": 1207},
 "QCD1500": {"valid": 27, "invalid": [], "nProc": 9233440.0, "nSkim": 4585619.0, "xsec": 120},
 "QCD2000": {"valid": 15, "invalid": [], "nProc": 4636642.0, "nSkim": 2326038.0, "xsec": 25.25},
 "QCD500": {"valid": 90, "invalid": [], "nProc": 35874673.0, "nSkim": 2522312.0, "xsec": 32260},
 "QCD700": {"valid": 122, "invalid": [], "nProc": 46328680.0, "nSkim": 10364092.0, "xsec": 6829},
 "ST_antitop": {"valid": 132, "invalid": [], "nProc": 79090800.0, "nSkim": 18909437.0, "xsec": 67.91},
 "ST_s_antitop": {"valid": 3, "invalid": [], "nProc": 1289000.0, "nSkim": 676797.0, "xsec": 3.579},
 "ST_s_top": {"valid": 19, "invalid": [], "nProc": 6934200.0, "nSkim": 3536296.0, "xsec": 5.757},
 "ST_tW_antitop": {"valid": 16, "invalid": [], "nProc": 7623000.0, "nSkim": 2913948.0, "xsec": 34.97},
 "ST_tW_top": {"valid": 18, "invalid": [], "nProc": 9598000.0, "nSkim": 3664738.0, "xsec": 34.91},
 "ST_top": {"valid": 240, "invalid": [], "nProc": 154307600.0, "nSkim": 34337981.0, "xsec": 113.3},
 "TTW": {"valid": 30, "invalid": [], "nProc": 4872005.0, "nSkim": 2958087.0,